{"cameraMode":{"drawMode":0,"name":"Shaded","section":"Shading Mode"},"sceneLighting":false,"audioPlay":false,"sceneViewState":{"showFog":true,"showMaterialUpdate":false,"showSkybox":true,"showFlares":true,"showImageEffects":true,"showParticleSystems":true},"in2DMode":false,"pivot":{"x":1370.802490234375,"y":268.3157958984375,"z":-501.224853515625},"rotation":{"x":-0.0275436919182539,"y":0.9721154570579529,"z":-0.177206352353096,"w":-0.15109877288341523},"size":2503.624755859375,"orthographic":false}