{"cameraMode":{"drawMode":2,"name":"Shaded Wireframe","section":"Shading Mode"},"sceneLighting":false,"audioPlay":false,"sceneViewState":{"showFog":true,"showMaterialUpdate":false,"showSkybox":true,"showFlares":true,"showImageEffects":true,"showParticleSystems":true},"in2DMode":false,"pivot":{"x":127.96261596679688,"y":31.461387634277345,"z":38.92957305908203},"rotation":{"x":-0.027543693780899049,"y":0.9721154570579529,"z":-0.1772063672542572,"w":-0.15109877288341523},"size":152.88693237304688,"orthographic":false}