{"cameraMode":{"drawMode":2,"name":"Shaded Wireframe","section":"Shading Mode"},"sceneLighting":false,"audioPlay":false,"sceneViewState":{"showFog":true,"showMaterialUpdate":false,"showSkybox":true,"showFlares":true,"showImageEffects":true,"showParticleSystems":true},"in2DMode":false,"pivot":{"x":-0.00009918212890625,"y":0.11511361598968506,"z":0.000030517578125},"rotation":{"x":-0.027543693780899049,"y":0.9721154570579529,"z":-0.1772063672542572,"w":-0.15109877288341523},"size":514.0047607421875,"orthographic":false}