{"cameraMode":{"drawMode":2,"name":"Shaded Wireframe","section":"Shading Mode"},"sceneLighting":false,"audioPlay":false,"sceneViewState":{"showFog":true,"showMaterialUpdate":false,"showSkybox":true,"showFlares":true,"showImageEffects":true,"showParticleSystems":true},"in2DMode":false,"pivot":{"x":0.2605743408203125,"y":-0.03650598227977753,"z":119.09681701660156},"rotation":{"x":-0.027543693780899049,"y":0.9721154570579529,"z":-0.1772063672542572,"w":-0.15109877288341523},"size":480.0997619628906,"orthographic":false}