{"cameraMode":{"drawMode":0,"name":"Shaded","section":"Shading Mode"},"sceneLighting":false,"audioPlay":false,"sceneViewState":{"showFog":true,"showMaterialUpdate":false,"showSkybox":true,"showFlares":true,"showImageEffects":true,"showParticleSystems":true},"in2DMode":false,"pivot":{"x":0.0,"y":0.2146373689174652,"z":-0.021047353744506837},"rotation":{"x":-0.0275436919182539,"y":0.9721154570579529,"z":-0.177206352353096,"w":-0.15109877288341523},"size":12.370537757873536,"orthographic":false}