{"cameraMode":{"drawMode":2,"name":"Shaded Wireframe","section":"Shading Mode"},"sceneLighting":false,"audioPlay":false,"sceneViewState":{"showFog":true,"showMaterialUpdate":false,"showSkybox":true,"showFlares":true,"showImageEffects":true,"showParticleSystems":true},"in2DMode":false,"pivot":{"x":5.960464477539063e-8,"y":0.673494279384613,"z":0.014411568641662598},"rotation":{"x":-0.027543693780899049,"y":0.9721154570579529,"z":-0.1772063672542572,"w":-0.15109877288341523},"size":8.107461929321289,"orthographic":false}