{"cameraMode":{"drawMode":2,"name":"Shaded Wireframe","section":"Shading Mode"},"sceneLighting":false,"audioPlay":false,"sceneViewState":{"showFog":true,"showMaterialUpdate":false,"showSkybox":true,"showFlares":true,"showImageEffects":true,"showParticleSystems":true},"in2DMode":false,"pivot":{"x":35.180511474609378,"y":0.013126790523529053,"z":49.126983642578128},"rotation":{"x":-0.027543693780899049,"y":0.9721154570579529,"z":-0.1772063672542572,"w":-0.15109877288341523},"size":641.5782470703125,"orthographic":false}