{"cameraMode":{"drawMode":0,"name":"Shaded","section":"Shading Mode"},"sceneLighting":false,"audioPlay":false,"sceneViewState":{"showFog":true,"showMaterialUpdate":false,"showSkybox":true,"showFlares":true,"showImageEffects":true,"showParticleSystems":true},"in2DMode":false,"pivot":{"x":947.27587890625,"y":692.6571044921875,"z":-1758.9229736328125},"rotation":{"x":-0.0275436919182539,"y":0.9721154570579529,"z":-0.177206352353096,"w":-0.15109877288341523},"size":1.306472897529602,"orthographic":false}